[{"inputs":[],"stateMutability":"nonpayable","type":"constructor"},{"anonymous":false,"inputs":[{"indexed":true,"internalType":"bytes32","name":"orgId","type":"bytes32"}],"name":"OrganizationCreated","type":"event"},{"anonymous":false,"inputs":[{"indexed":true,"internalType":"bytes32","name":"orgId","type":"bytes32"}],"name":"OrganizationDeleted","type":"event"},{"anonymous":false,"inputs":[{"indexed":true,"internalType":"bytes32","name":"orgId","type":"bytes32"}],"name":"OrganizationModified","type":"event"},{"anonymous":false,"inputs":[{"indexed":true,"internalType":"bytes32","name":"orgId","type":"bytes32"},{"indexed":true,"internalType":"bytes32","name":"serviceId","type":"bytes32"},{"indexed":false,"internalType":"bytes","name":"metadataURI","type":"bytes"}],"name":"ServiceCreated","type":"event"},{"anonymous":false,"inputs":[{"indexed":true,"internalType":"bytes32","name":"orgId","type":"bytes32"},{"indexed":true,"internalType":"bytes32","name":"serviceId","type":"bytes32"}],"name":"ServiceDeleted","type":"event"},{"anonymous":false,"inputs":[{"indexed":true,"internalType":"bytes32","name":"orgId","type":"bytes32"},{"indexed":true,"internalType":"bytes32","name":"serviceId","type":"bytes32"},{"indexed":false,"internalType":"bytes","name":"metadataURI","type":"bytes"}],"name":"ServiceMetadataModified","type":"event"},{"anonymous":false,"inputs":[{"indexed":true,"internalType":"bytes32","name":"orgId","type":"bytes32"},{"indexed":true,"internalType":"bytes32","name":"serviceId","type":"bytes32"}],"name":"ServiceTagsModified","type":"event"},{"anonymous":false,"inputs":[{"indexed":true,"internalType":"bytes32","name":"orgId","type":"bytes32"},{"indexed":true,"internalType":"bytes32","name":"typeRepositoryId","type":"bytes32"}],"name":"TypeRepositoryCreated","type":"event"},{"anonymous":false,"inputs":[{"indexed":true,"internalType":"bytes32","name":"orgId","type":"bytes32"},{"indexed":true,"internalType":"bytes32","name":"typeRepositoryId","type":"bytes32"}],"name":"TypeRepositoryDeleted","type":"event"},{"anonymous":false,"inputs":[{"indexed":true,"internalType":"bytes32","name":"orgId","type":"bytes32"},{"indexed":true,"internalType":"bytes32","name":"typeRepositoryId","type":"bytes32"}],"name":"TypeRepositoryModified","type":"event"},{"inputs":[{"internalType":"bytes4","name":"interfaceId","type":"bytes4"}],"name":"supportsInterface","outputs":[{"internalType":"bool","name":"","type":"bool"}],"stateMutability":"view","type":"function","constant":true},{"inputs":[{"internalType":"bytes32","name":"orgId","type":"bytes32"},{"internalType":"bytes","name":"orgMetadataURI","type":"bytes"},{"internalType":"address[]","name":"members","type":"address[]"}],"name":"createOrganization","outputs":[],"stateMutability":"nonpayable","type":"function"},{"inputs":[{"internalType":"bytes32","name":"orgId","type":"bytes32"},{"internalType":"address","name":"newOwner","type":"address"}],"name":"changeOrganizationOwner","outputs":[],"stateMutability":"nonpayable","type":"function"},{"inputs":[{"internalType":"bytes32","name":"orgId","type":"bytes32"},{"internalType":"bytes","name":"orgMetadataURI","type":"bytes"}],"name":"changeOrganizationMetadataURI","outputs":[],"stateMutability":"nonpayable","type":"function"},{"inputs":[{"internalType":"bytes32","name":"orgId","type":"bytes32"},{"internalType":"address[]","name":"newMembers","type":"address[]"}],"name":"addOrganizationMembers","outputs":[],"stateMutability":"nonpayable","type":"function"},{"inputs":[{"internalType":"bytes32","name":"orgId","type":"bytes32"},{"internalType":"address[]","name":"existingMembers","type":"address[]"}],"name":"removeOrganizationMembers","outputs":[],"stateMutability":"nonpayable","type":"function"},{"inputs":[{"internalType":"bytes32","name":"orgId","type":"bytes32"}],"name":"deleteOrganization","outputs":[],"stateMutability":"nonpayable","type":"function"},{"inputs":[{"internalType":"bytes32","name":"orgId","type":"bytes32"},{"internalType":"bytes32","name":"serviceId","type":"bytes32"},{"internalType":"bytes","name":"metadataURI","type":"bytes"},{"internalType":"bytes32[]","name":"tags","type":"bytes32[]"}],"name":"createServiceRegistration","outputs":[],"stateMutability":"nonpayable","type":"function"},{"inputs":[{"internalType":"bytes32","name":"orgId","type":"bytes32"},{"internalType":"bytes32","name":"serviceId","type":"bytes32"},{"internalType":"bytes","name":"metadataURI","type":"bytes"}],"name":"updateServiceRegistration","outputs":[],"stateMutability":"nonpayable","type":"function"},{"inputs":[{"internalType":"bytes32","name":"orgId","type":"bytes32"},{"internalType":"bytes32","name":"serviceId","type":"bytes32"},{"internalType":"bytes32[]","name":"tags","type":"bytes32[]"}],"name":"addTagsToServiceRegistration","outputs":[],"stateMutability":"nonpayable","type":"function"},{"inputs":[{"internalType":"bytes32","name":"orgId","type":"bytes32"},{"internalType":"bytes32","name":"serviceId","type":"bytes32"},{"internalType":"bytes32[]","name":"tags","type":"bytes32[]"}],"name":"removeTagsFromServiceRegistration","outputs":[],"stateMutability":"nonpayable","type":"function"},{"inputs":[{"internalType":"bytes32","name":"orgId","type":"bytes32"},{"internalType":"bytes32","name":"serviceId","type":"bytes32"}],"name":"deleteServiceRegistration","outputs":[],"stateMutability":"nonpayable","type":"function"},{"inputs":[{"internalType":"bytes32","name":"orgId","type":"bytes32"},{"internalType":"bytes32","name":"repositoryId","type":"bytes32"},{"internalType":"bytes","name":"repositoryURI","type":"bytes"},{"internalType":"bytes32[]","name":"tags","type":"bytes32[]"}],"name":"createTypeRepositoryRegistration","outputs":[],"stateMutability":"nonpayable","type":"function"},{"inputs":[{"internalType":"bytes32","name":"orgId","type":"bytes32"},{"internalType":"bytes32","name":"repositoryId","type":"bytes32"},{"internalType":"bytes","name":"repositoryURI","type":"bytes"}],"name":"updateTypeRepositoryRegistration","outputs":[],"stateMutability":"nonpayable","type":"function"},{"inputs":[{"internalType":"bytes32","name":"orgId","type":"bytes32"},{"internalType":"bytes32","name":"repositoryId","type":"bytes32"},{"internalType":"bytes32[]","name":"tags","type":"bytes32[]"}],"name":"addTagsToTypeRepositoryRegistration","outputs":[],"stateMutability":"nonpayable","type":"function"},{"inputs":[{"internalType":"bytes32","name":"orgId","type":"bytes32"},{"internalType":"bytes32","name":"repositoryId","type":"bytes32"},{"internalType":"bytes32[]","name":"tags","type":"bytes32[]"}],"name":"removeTagsFromTypeRepositoryRegistration","outputs":[],"stateMutability":"nonpayable","type":"function"},{"inputs":[{"internalType":"bytes32","name":"orgId","type":"bytes32"},{"internalType":"bytes32","name":"repositoryId","type":"bytes32"}],"name":"deleteTypeRepositoryRegistration","outputs":[],"stateMutability":"nonpayable","type":"function"},{"inputs":[],"name":"listOrganizations","outputs":[{"internalType":"bytes32[]","name":"orgIds","type":"bytes32[]"}],"stateMutability":"view","type":"function","constant":true},{"inputs":[{"internalType":"bytes32","name":"orgId","type":"bytes32"}],"name":"getOrganizationById","outputs":[{"internalType":"bool","name":"found","type":"bool"},{"internalType":"bytes32","name":"id","type":"bytes32"},{"internalType":"bytes","name":"orgMetadataURI","type":"bytes"},{"internalType":"address","name":"owner","type":"address"},{"internalType":"address[]","name":"members","type":"address[]"},{"internalType":"bytes32[]","name":"serviceIds","type":"bytes32[]"},{"internalType":"bytes32[]","name":"repositoryIds","type":"bytes32[]"}],"stateMutability":"view","type":"function","constant":true},{"inputs":[{"internalType":"bytes32","name":"orgId","type":"bytes32"}],"name":"listServicesForOrganization","outputs":[{"internalType":"bool","name":"found","type":"bool"},{"internalType":"bytes32[]","name":"serviceIds","type":"bytes32[]"}],"stateMutability":"view","type":"function","constant":true},{"inputs":[{"internalType":"bytes32","name":"orgId","type":"bytes32"},{"internalType":"bytes32","name":"serviceId","type":"bytes32"}],"name":"getServiceRegistrationById","outputs":[{"internalType":"bool","name":"found","type":"bool"},{"internalType":"bytes32","name":"id","type":"bytes32"},{"internalType":"bytes","name":"metadataURI","type":"bytes"},{"internalType":"bytes32[]","name":"tags","type":"bytes32[]"}],"stateMutability":"view","type":"function","constant":true},{"inputs":[{"internalType":"bytes32","name":"orgId","type":"bytes32"}],"name":"listTypeRepositoriesForOrganization","outputs":[{"internalType":"bool","name":"found","type":"bool"},{"internalType":"bytes32[]","name":"repositoryIds","type":"bytes32[]"}],"stateMutability":"view","type":"function","constant":true},{"inputs":[{"internalType":"bytes32","name":"orgId","type":"bytes32"},{"internalType":"bytes32","name":"repositoryId","type":"bytes32"}],"name":"getTypeRepositoryById","outputs":[{"internalType":"bool","name":"found","type":"bool"},{"internalType":"bytes32","name":"id","type":"bytes32"},{"internalType":"bytes","name":"repositoryURI","type":"bytes"},{"internalType":"bytes32[]","name":"tags","type":"bytes32[]"}],"stateMutability":"view","type":"function","constant":true},{"inputs":[],"name":"listServiceTags","outputs":[{"internalType":"bytes32[]","name":"tags","type":"bytes32[]"}],"stateMutability":"view","type":"function","constant":true},{"inputs":[{"internalType":"bytes32","name":"tag","type":"bytes32"}],"name":"listServicesForTag","outputs":[{"internalType":"bytes32[]","name":"orgIds","type":"bytes32[]"},{"internalType":"bytes32[]","name":"serviceIds","type":"bytes32[]"}],"stateMutability":"view","type":"function","constant":true},{"inputs":[],"name":"listTypeRepositoryTags","outputs":[{"internalType":"bytes32[]","name":"tags","type":"bytes32[]"}],"stateMutability":"view","type":"function","constant":true},{"inputs":[{"internalType":"bytes32","name":"tag","type":"bytes32"}],"name":"listTypeRepositoriesForTag","outputs":[{"internalType":"bytes32[]","name":"orgIds","type":"bytes32[]"},{"internalType":"bytes32[]","name":"repositoryIds","type":"bytes32[]"}],"stateMutability":"view","type":"function","constant":true}]
